{"cameraMode":{"drawMode":0,"name":"Shaded","section":"Shading Mode"},"sceneLighting":true,"audioPlay":false,"sceneViewState":{"showFog":false,"showMaterialUpdate":false,"showSkybox":false,"showFlares":false,"showImageEffects":false,"showParticleSystems":true},"in2DMode":false,"pivot":{"x":43.80638885498047,"y":71.66828155517578,"z":-51.63029479980469},"rotation":{"x":-0.0032257430721074344,"y":-0.9891347289085388,"z":0.14525626599788667,"w":-0.021970445290207864},"size":33.80703353881836,"orthographic":false}